{"cameraMode":{"drawMode":0,"name":"Shaded","section":"Shading Mode"},"sceneLighting":false,"audioPlay":false,"sceneViewState":{"m_AlwaysRefresh":false,"showFog":true,"showSkybox":false,"showFlares":true,"showImageEffects":true,"showParticleSystems":true,"showVisualEffectGraphs":true,"m_FxEnabled":true},"in2DMode":false,"pivot":{"x":-0.05534482002258301,"y":4.592678070068359,"z":1.082876205444336},"rotation":{"x":-0.03963550925254822,"y":-0.7329089045524597,"z":0.042983993887901309,"w":-0.6778646111488342},"size":6.516575813293457,"orthographic":true}