{"cameraMode":{"drawMode":0,"name":"Shaded","section":"Shading Mode"},"sceneLighting":false,"audioPlay":false,"sceneViewState":{"m_AlwaysRefresh":false,"showFog":true,"showSkybox":false,"showFlares":true,"showImageEffects":true,"showParticleSystems":true,"showVisualEffectGraphs":true,"m_FxEnabled":true},"in2DMode":false,"pivot":{"x":0.07900810241699219,"y":4.208323001861572,"z":0.10204505920410156},"rotation":{"x":-0.025010567158460618,"y":0.7867937088012695,"z":-0.03184227645397186,"w":-0.6159401535987854},"size":5.735767364501953,"orthographic":true}