{"cameraMode":{"drawMode":0,"name":"Shaded","section":"Shading Mode"},"sceneLighting":false,"audioPlay":false,"sceneViewState":{"m_AlwaysRefresh":false,"showFog":true,"showSkybox":false,"showFlares":true,"showImageEffects":true,"showParticleSystems":true,"showVisualEffectGraphs":true,"m_FxEnabled":true},"in2DMode":false,"pivot":{"x":0.15720725059509278,"y":1.0868608951568604,"z":-0.40662646293640139},"rotation":{"x":0.16198652982711793,"y":-0.09754004329442978,"z":0.016026902943849565,"w":0.9818611741065979},"size":3.3767173290252687,"orthographic":true}