{"cameraMode":{"drawMode":0,"name":"Shaded","section":"Shading Mode"},"sceneLighting":true,"audioPlay":false,"sceneViewState":{"m_AlwaysRefresh":false,"showFog":true,"showSkybox":true,"showFlares":true,"showImageEffects":true,"showParticleSystems":true,"showVisualEffectGraphs":true,"m_FxEnabled":true},"in2DMode":false,"pivot":{"x":4.048160552978516,"y":80.22740173339844,"z":44.935264587402347},"rotation":{"x":0.27452749013900759,"y":-0.24603281915187837,"z":0.07288076728582382,"w":0.9267189502716065},"size":39.29879379272461,"orthographic":true}