{"cameraMode":{"drawMode":0,"name":"Shaded","section":"Shading Mode"},"sceneLighting":true,"audioPlay":false,"sceneViewState":{"m_AlwaysRefresh":false,"showFog":true,"showSkybox":true,"showFlares":true,"showImageEffects":true,"showParticleSystems":true,"showVisualEffectGraphs":true,"m_FxEnabled":true},"in2DMode":false,"pivot":{"x":149.36550903320313,"y":62.555870056152347,"z":-220.38800048828126},"rotation":{"x":0.09248970448970795,"y":0.08948931843042374,"z":-0.008351890370249749,"w":0.9916753768920898},"size":46.18973922729492,"orthographic":true}