{"cameraMode":{"drawMode":0,"name":"Shaded","section":"Shading Mode"},"sceneLighting":true,"audioPlay":false,"sceneViewState":{"m_AlwaysRefresh":false,"showFog":true,"showSkybox":true,"showFlares":true,"showImageEffects":true,"showParticleSystems":true,"showVisualEffectGraphs":true,"m_FxEnabled":true},"in2DMode":false,"pivot":{"x":104.19711303710938,"y":29.012279510498048,"z":48.23920822143555},"rotation":{"x":0.2503429353237152,"y":-0.11872655153274536,"z":0.03094613552093506,"w":0.9603675603866577},"size":93.42979431152344,"orthographic":true}