{"cameraMode":{"drawMode":0,"name":"Shaded","section":"Shading Mode"},"sceneLighting":true,"audioPlay":false,"sceneViewState":{"m_AlwaysRefresh":false,"showFog":true,"showSkybox":true,"showFlares":true,"showImageEffects":true,"showParticleSystems":true,"showVisualEffectGraphs":true,"m_FxEnabled":true},"in2DMode":false,"pivot":{"x":141.39999389648438,"y":1.1521103382110596,"z":40.79999923706055},"rotation":{"x":0.2503429353237152,"y":-0.11872655153274536,"z":0.03094613552093506,"w":0.9603675603866577},"size":44.67778396606445,"orthographic":true}