{"cameraMode":{"drawMode":0,"name":"Shaded","section":"Shading Mode"},"sceneLighting":true,"audioPlay":false,"sceneViewState":{"m_AlwaysRefresh":false,"showFog":true,"showSkybox":true,"showFlares":true,"showImageEffects":true,"showParticleSystems":true,"showVisualEffectGraphs":true,"m_FxEnabled":true},"in2DMode":false,"pivot":{"x":127.92002868652344,"y":127.67321014404297,"z":-226.7601318359375},"rotation":{"x":0.22745290398597718,"y":-0.15551744401454926,"z":0.036822687834501269,"w":0.9606061577796936},"size":117.87753295898438,"orthographic":true}