{"cameraMode":{"drawMode":0,"name":"Shaded","section":"Shading Mode"},"sceneLighting":true,"audioPlay":false,"sceneViewState":{"m_AlwaysRefresh":false,"showFog":true,"showSkybox":true,"showFlares":true,"showImageEffects":true,"showParticleSystems":true,"showVisualEffectGraphs":true,"m_FxEnabled":true},"in2DMode":false,"pivot":{"x":119.31475830078125,"y":30.849868774414064,"z":-182.03427124023438},"rotation":{"x":0.6475169062614441,"y":0.10409601032733917,"z":-0.08993056416511536,"w":0.7495430111885071},"size":44.00600814819336,"orthographic":true}