{"cameraMode":{"drawMode":0,"name":"Shaded","section":"Shading Mode"},"sceneLighting":true,"audioPlay":false,"sceneViewState":{"m_AlwaysRefresh":false,"showFog":true,"showSkybox":true,"showFlares":true,"showImageEffects":true,"showParticleSystems":true,"showVisualEffectGraphs":true,"m_FxEnabled":true},"in2DMode":false,"pivot":{"x":147.63519287109376,"y":37.32784652709961,"z":-228.11383056640626},"rotation":{"x":0.1951415240764618,"y":-0.03089011088013649,"z":0.006146934349089861,"w":0.9802758693695068},"size":67.88223266601563,"orthographic":true}