{"cameraMode":{"drawMode":0,"name":"Shaded","section":"Shading Mode"},"sceneLighting":true,"audioPlay":false,"sceneViewState":{"m_AlwaysRefresh":false,"showFog":true,"showSkybox":true,"showFlares":true,"showImageEffects":true,"showParticleSystems":true,"showVisualEffectGraphs":true,"m_FxEnabled":true},"in2DMode":false,"pivot":{"x":305.26068115234377,"y":-118.29484558105469,"z":-4.215423583984375},"rotation":{"x":0.2710335850715637,"y":-0.01588621363043785,"z":0.004467551130801439,"w":0.962455689907074},"size":510.56414794921877,"orthographic":true}