{"cameraMode":{"drawMode":0,"name":"Shaded","section":"Shading Mode"},"sceneLighting":true,"audioPlay":false,"sceneViewState":{"m_AlwaysRefresh":false,"showFog":true,"showSkybox":true,"showFlares":true,"showImageEffects":true,"showParticleSystems":true,"showVisualEffectGraphs":true,"m_FxEnabled":true},"in2DMode":false,"pivot":{"x":135.9155731201172,"y":20.572078704833986,"z":-273.69488525390627},"rotation":{"x":0.13418252766132356,"y":-0.07721605896949768,"z":0.010486135259270668,"w":0.9879085421562195},"size":62.52953338623047,"orthographic":true}