{"cameraMode":{"drawMode":0,"name":"Shaded","section":"Shading Mode"},"sceneLighting":true,"audioPlay":false,"sceneViewState":{"m_AlwaysRefresh":false,"showFog":true,"showSkybox":true,"showFlares":true,"showImageEffects":true,"showParticleSystems":true,"showVisualEffectGraphs":true,"m_FxEnabled":true},"in2DMode":false,"pivot":{"x":-87.30000305175781,"y":3.085810422897339,"z":178.6999969482422},"rotation":{"x":0.23239701986312867,"y":-0.22940278053283692,"z":0.05648697912693024,"w":0.9435192346572876},"size":24.548402786254884,"orthographic":true}