{"cameraMode":{"drawMode":0,"name":"Shaded","section":"Shading Mode"},"sceneLighting":false,"audioPlay":false,"sceneViewState":{"m_AlwaysRefresh":false,"showFog":true,"showSkybox":false,"showFlares":true,"showImageEffects":true,"showParticleSystems":true,"showVisualEffectGraphs":true,"m_FxEnabled":true},"in2DMode":false,"pivot":{"x":1.1507513523101807,"y":4.4828386306762699,"z":0.5405983924865723},"rotation":{"x":-0.03868246078491211,"y":-0.7319546937942505,"z":0.041825611144304278,"w":-0.6790214776992798},"size":7.159138202667236,"orthographic":true}