{"cameraMode":{"drawMode":0,"name":"Shaded","section":"Shading Mode"},"sceneLighting":false,"audioPlay":false,"sceneViewState":{"m_AlwaysRefresh":false,"showFog":true,"showSkybox":false,"showFlares":true,"showImageEffects":true,"showParticleSystems":true,"showVisualEffectGraphs":true,"m_FxEnabled":true},"in2DMode":false,"pivot":{"x":-0.0020000040531158449,"y":0.28250080347061159,"z":-2.9802322387695315e-8},"rotation":{"x":0.16198652982711793,"y":-0.09754004329442978,"z":0.016026902943849565,"w":0.9818611741065979},"size":0.4334754943847656,"orthographic":true}