{"cameraMode":{"drawMode":0,"name":"Shaded","section":"Shading Mode"},"sceneLighting":false,"audioPlay":false,"sceneViewState":{"m_AlwaysRefresh":false,"showFog":true,"showSkybox":false,"showFlares":true,"showImageEffects":true,"showParticleSystems":true,"showVisualEffectGraphs":true,"m_FxEnabled":true},"in2DMode":false,"pivot":{"x":-0.07006573677062988,"y":-0.009141921997070313,"z":-0.05530199408531189},"rotation":{"x":0.16198652982711793,"y":-0.09754004329442978,"z":0.016026902943849565,"w":0.9818611741065979},"size":1.962504506111145,"orthographic":true}