{"cameraMode":{"drawMode":0,"name":"Shaded","section":"Shading Mode"},"sceneLighting":false,"audioPlay":false,"sceneViewState":{"m_AlwaysRefresh":false,"showFog":true,"showSkybox":false,"showFlares":true,"showImageEffects":true,"showParticleSystems":true,"showVisualEffectGraphs":true,"m_FxEnabled":true},"in2DMode":false,"pivot":{"x":-3.5734567642211916,"y":4.158427715301514,"z":-1.3284236192703248},"rotation":{"x":0.041027020663022998,"y":-0.744060218334198,"z":0.045766185969114307,"w":0.6653362512588501},"size":7.253325462341309,"orthographic":true}