{"cameraMode":{"drawMode":0,"name":"Shaded","section":"Shading Mode"},"sceneLighting":false,"audioPlay":false,"sceneViewState":{"m_AlwaysRefresh":false,"showFog":true,"showSkybox":false,"showFlares":true,"showImageEffects":true,"showParticleSystems":true,"showVisualEffectGraphs":true,"m_FxEnabled":true},"in2DMode":false,"pivot":{"x":0.007024675607681274,"y":-0.02816474437713623,"z":0.04340845346450806},"rotation":{"x":0.16198652982711793,"y":-0.09754004329442978,"z":0.016026902943849565,"w":0.9818611741065979},"size":1.692635416984558,"orthographic":true}