{"cameraMode":{"drawMode":0,"name":"Shaded","section":"Shading Mode"},"sceneLighting":false,"audioPlay":false,"sceneViewState":{"m_AlwaysRefresh":false,"showFog":true,"showSkybox":false,"showFlares":true,"showImageEffects":true,"showParticleSystems":true,"showVisualEffectGraphs":true,"m_FxEnabled":true},"in2DMode":false,"pivot":{"x":-0.020118921995162965,"y":-0.0162050724029541,"z":0.0034381747245788576},"rotation":{"x":0.16198652982711793,"y":-0.09754004329442978,"z":0.016026902943849565,"w":0.9818611741065979},"size":1.700501561164856,"orthographic":true}