{"cameraMode":{"drawMode":0,"name":"Shaded","section":"Shading Mode"},"sceneLighting":false,"audioPlay":false,"sceneViewState":{"m_AlwaysRefresh":false,"showFog":true,"showSkybox":false,"showFlares":true,"showImageEffects":true,"showParticleSystems":true,"showVisualEffectGraphs":true,"m_FxEnabled":true},"in2DMode":false,"pivot":{"x":-0.19577836990356446,"y":4.44239616394043,"z":-0.841719388961792},"rotation":{"x":-0.00048765121027827263,"y":-0.9955004453659058,"z":-0.005981049034744501,"w":0.09496363997459412},"size":6.78378963470459,"orthographic":true}